Crime ID,Month,Reported by,Falls within,Longitude,Latitude,Location,LSOA code,LSOA name,Outcome type
ecc51d3a10b5be1eda3965afd5ca9ad8df55ac0f64c8c160b451de0f112bb058,2021-08,City of London Police,City of London Police,,,No location,,,Investigation complete; no suspect identified
f77f6d9c70d7ab9dd1f8f358909a0d16b9b99c52fb78fdbe69db0d198c24a536,2021-08,City of London Police,City of London Police,,,No location,,,Formal action is not in the public interest
e59f88bdb8a9ed2aaf1f4e001049ac4399f5672ceceac5242d1eec406045224c,2021-08,City of London Police,City of London Police,,,No location,,,Investigation complete; no suspect identified
89af0a279789e16c35094be32e167963ec8f8c08f965587a728c1972cb23fd21,2021-08,City of London Police,City of London Police,,,No location,,,Action to be taken by another organisation
88fedc31c2268c7ea028d5389cf7b3f36db53dd126a86a9f73dfdacdd40148b8,2021-08,City of London Police,City of London Police,,,No location,,,Investigation complete; no suspect identified
98ea798127dd396ceaa8d5ee45c8bb9b7ab9ffb83e2add0551607e3f1073dfb8,2021-08,City of London Police,City of London Police,,,No location,,,Unable to prosecute suspect
ed15ac640e2dd8ab949978d69da2d23c2f40e1af3e8513ed394e573284f5086c,2021-08,City of London Police,City of London Police,-0.102741,51.513885,On or near PAGEANTMASTER COURT,E01032740,City of London 001G,Investigation complete; no suspect identified
349ec1f73703a927165876fb6e5239ed2e1077be4a6c9ab729596f1feb49fb45,2021-08,City of London Police,City of London Police,-0.073515,51.510414,On or near Parking Area,E01000005,City of London 001E,Investigation complete; no suspect identified
059dadc0e6e36687648a1d4086109f3b74fbdb2534a06dad849a59f219c21842,2021-08,City of London Police,City of London Police,-0.082571,51.514753,On or near GREAT ST HELEN'S,E01032739,City of London 001F,Investigation complete; no suspect identified
ef6bfe6d3d872956df348e62ecfef1882eb6e06c53d9900e1f3ee672429f32d7,2021-08,City of London Police,City of London Police,-0.090506,51.513524,On or near POULTRY,E01032739,City of London 001F,Investigation complete; no suspect identified
bf162d33d29ac8880ff2ad8cf5bbd21691fb8e04c8534cb4c38fd724070ad6ee,2021-08,City of London Police,City of London Police,,,No location,,,Investigation complete; no suspect identified
4ba241ae24e7b91c93a4de903dddd05b570856cbfb764b22f89f200dc0e077eb,2021-08,City of London Police,City of London Police,-0.092865,51.510182,On or near Parking Area,E01032739,City of London 001F,Investigation complete; no suspect identified
c32b0963b1d90f25b6b9069227bd626c58d0e806a96b5be855ce2e438e52786c,2021-08,City of London Police,City of London Police,-0.097053,51.518262,On or near ALDERSGATE STREET,E01000001,City of London 001A,Investigation complete; no suspect identified
d73d7f66fd1a61f3e51d122d30c5335cf6a049802d11d1eade6e7525047c54ee,2021-08,City of London Police,City of London Police,-0.097645,51.515142,On or near ST MARTIN'S LE GRAND,E01032739,City of London 001F,Investigation complete; no suspect identified
d3281af5b49bcd50a1c7554298f0fc29c91447f342089b4c46aaeb50a3f99599,2021-08,City of London Police,City of London Police,-0.097645,51.515142,On or near ST MARTIN'S LE GRAND,E01032739,City of London 001F,Investigation complete; no suspect identified
727199557ad34fcf03a34af79b49c95d2a5e4902b32861597a0eddc3a58632d7,2021-08,City of London Police,City of London Police,-0.098886,51.519254,On or near KINGHORN STREET,E01032740,City of London 001G,Investigation complete; no suspect identified
b76c112208613b1ba6e61213afb37c1172343f5f18652930e60b8c7263310b75,2021-08,City of London Police,City of London Police,-0.099907,51.512031,On or near QUEEN VICTORIA STREET,E01032739,City of London 001F,Investigation complete; no suspect identified
d9b71dc63b1ed30a7c19a505cfc350b162ea5bb72a2fad8a53fcb93bebdac8a1,2021-08,City of London Police,City of London Police,-0.084967,51.512598,On or near BELL INN YARD,E01032739,City of London 001F,Unable to prosecute suspect
a5a48f9df223257d45315b33a4c7e451fda49c55dc6afdcc5f8fb05defa73930,2021-08,City of London Police,City of London Police,-0.076435,51.513627,On or near ALDGATE,E01000005,City of London 001E,Investigation complete; no suspect identified
67b4d28f9e922d10a5935d18ad197656ca970a787ccc7e4fe0a2275fc1239cff,2021-08,City of London Police,City of London Police,-0.082913,51.513463,On or near LEADENHALL STREET,E01032739,City of London 001F,Investigation complete; no suspect identified
526ac44b931ca59d414b24b08ad09718f0ba4611c2289440eb03c9a72aafa037,2021-08,City of London Police,City of London Police,-0.092267,51.511745,On or near CLOAK LANE,E01032739,City of London 001F,Investigation complete; no suspect identified
0ed80af48215a7d706da68c5a8fe2b18e010c7e507a49472ad771766e91bfd0e,2021-08,City of London Police,City of London Police,-0.094197,51.510734,On or near KENNETT WHARF LANE,E01032739,City of London 001F,Investigation complete; no suspect identified
21ffa8eadc62ba1303e6cc9599df06d2fa6a6345c21a5855c5fabeffeff45cec,2021-08,City of London Police,City of London Police,-0.079162,51.514940,On or near BEVIS MARKS,E01032739,City of London 001F,Formal action is not in the public interest
f7f2c64d540f92d52d015bead0c9b9b9a02c7393eff5099c91d90bc52cd23698,2021-08,City of London Police,City of London Police,-0.081281,51.512528,On or near FENCHURCH AVENUE,E01032739,City of London 001F,Investigation complete; no suspect identified
55679ba6ca44e2d02f36786d4e129a7e364db4faca8da4758f2faa6caa06a9cd,2021-08,City of London Police,City of London Police,-0.082913,51.513463,On or near LEADENHALL STREET,E01032739,City of London 001F,Investigation complete; no suspect identified
755a2648e0e85d42e19097b08fc5d184c33d02c4af0ecedb5876a26dddbf42c3,2021-08,City of London Police,City of London Police,-0.088013,51.519365,On or near ROPEMAKER STREET,E01032739,City of London 001F,Unable to prosecute suspect
c7e399851a237731bfbebcadf30f1e0ebe7daba7cbf21e956f43dbbe222f084b,2021-08,City of London Police,City of London Police,-0.088203,51.518262,On or near MOORGATE,E01032739,City of London 001F,Investigation complete; no suspect identified
8bd322069407cafdfbc30f5a36aac94e9380abb8dd4fbfbbf1e64e79e7fc0563,2021-08,City of London Police,City of London Police,-0.077601,51.518799,On or near STEWARD STREET,E01004307,Tower Hamlets 015B,Investigation complete; no suspect identified
15b040701f14367dc9af8f4fb4ddd958a813c34e9130b85f5de1349e8bc12b1e,2021-08,City of London Police,City of London Police,-0.073515,51.510414,On or near Parking Area,E01000005,City of London 001E,Investigation complete; no suspect identified
97818c028dd0840b4a683b142860b340e098b983547c9653b1f0a45150f62ca9,2021-08,City of London Police,City of London Police,-0.094464,51.512959,On or near WATLING COURT,E01032739,City of London 001F,Investigation complete; no suspect identified
2919113b61521de726f3ff0a2ac4a29265ac170a57edbbe0283cbaff9d8650fd,2021-08,City of London Police,City of London Police,-0.081832,51.514507,On or near UNDERSHAFT,E01032739,City of London 001F,Investigation complete; no suspect identified
899f3e9fbcdd060f9f7aa3441eceaa7c87bc6e2ff737a149eadf0981e81256d4,2021-08,City of London Police,City of London Police,-0.095026,51.518499,On or near Park/Open Space,E01000002,City of London 001B,Investigation complete; no suspect identified
6536892b0a115fea0c65835731dc278f57d0e564f879374db37896456f97d87f,2021-08,City of London Police,City of London Police,-0.082965,51.516351,On or near WORMWOOD STREET,E01032739,City of London 001F,Investigation complete; no suspect identified
07d51582b54e4afa54dc9ee6832aca8469d96ff30e0f27fb46f0fda735833ec2,2021-08,City of London Police,City of London Police,-0.086166,51.510828,On or near EASTCHEAP,E01032739,City of London 001F,Investigation complete; no suspect identified
b5314d7aaae561e1eac37044e29df18b93bb6b85615b4736f0be7119948c916c,2021-08,City of London Police,City of London Police,-0.082722,51.518029,On or near Pedestrian Subway,E01032739,City of London 001F,Investigation complete; no suspect identified
90515e21df794f95435aa4d6091d1c7b24b1d43d0cc55d6da80e8f0895fa2471,2021-08,City of London Police,City of London Police,-0.094464,51.512959,On or near WATLING COURT,E01032739,City of London 001F,Investigation complete; no suspect identified
4555ba3be10bd52272cef320c2dcf58525d577b4e106a3041df76aa938b6705e,2021-08,City of London Police,City of London Police,-0.087780,51.508066,On or near BOROUGH HIGH STREET,E01032739,City of London 001F,Unable to prosecute suspect
864436a2c98fcbf1e4476320641053f6dc8208cc6acea1f79cd30473ed75eb46,2021-08,City of London Police,City of London Police,-0.077601,51.518799,On or near STEWARD STREET,E01004307,Tower Hamlets 015B,Investigation complete; no suspect identified
bcf68d18a931e14a4c02ed8e4e468de8d9428a1df6fa32af26e49cb3b66c4d54,2021-08,City of London Police,City of London Police,-0.089596,51.518743,On or near NEW UNION STREET,E01000002,City of London 001B,Investigation complete; no suspect identified
136dc67bb8b9f6a4fcc802a1bde716ba87459b2dd4d13cfd5c044acb17120f52,2021-08,City of London Police,City of London Police,-0.093398,51.512951,On or near WATLING STREET,E01032739,City of London 001F,Investigation complete; no suspect identified
3f8e127dbdcaedf0eba2db77ba8c8447a467524d1541332c4e883d0514d5afc3,2021-08,City of London Police,City of London Police,-0.073515,51.510414,On or near Parking Area,E01000005,City of London 001E,Investigation complete; no suspect identified
1a137708942a8b3889b1cbe09ea231148aebb6684198897581a382417d7c7be0,2021-08,City of London Police,City of London Police,-0.104281,51.516032,On or near BEAR ALLEY,E01032740,City of London 001G,Investigation complete; no suspect identified
d40125ca2ab00937213565a1ab689b0a98690b7afc1793667037b278903f1c99,2021-08,City of London Police,City of London Police,-0.078856,51.518433,On or near ARTILLERY LANE,E01032739,City of London 001F,Investigation complete; no suspect identified
9f7f9d86121448f24d4d5d5c0fd950d1e1549894642b8f0c79cc284326548ed0,2021-08,City of London Police,City of London Police,-0.084983,51.510494,On or near Supermarket,E01032739,City of London 001F,Formal action is not in the public interest
655f802d987ae69c9d8759be8ae2a826c6540af975774bc6be191578bc2d8e7f,2021-08,City of London Police,City of London Police,-0.102380,51.517728,On or near HOSIER LANE,E01032740,City of London 001G,Investigation complete; no suspect identified
45762d8baffb16e8c2efc69c6e5ab834493c2ed6ed530328930aed0fb3900bde,2021-08,City of London Police,City of London Police,-0.088203,51.518262,On or near MOORGATE,E01032739,City of London 001F,Investigation complete; no suspect identified
20f21089d988f91510f06d47bcca24d392f1dd3d34e957b9432e91f07079acd5,2021-08,City of London Police,City of London Police,-0.078665,51.509950,On or near MUSCOVY STREET,E01032739,City of London 001F,Investigation complete; no suspect identified
cf61fc54f26f0c28be365d91a86b498d6d2be59acf2b7a13afb01d5819395f56,2021-08,City of London Police,City of London Police,-0.086175,51.510945,On or near GRACECHURCH STREET,E01032739,City of London 001F,Investigation complete; no suspect identified
ad270f9e801cb966c6aa5486119d2d937f14731ed3abdfcac6e6523a7df7fafa,2021-08,City of London Police,City of London Police,,,No location,,,Investigation complete; no suspect identified
893b0b8bc5f93e4c4b83ac8a55ff43f44af0c7c0482495c8f89febc7889a84ca,2021-08,City of London Police,City of London Police,,,No location,,,Investigation complete; no suspect identified
e5bb1c1ec228133116f58bb31b1c010586e1f2e4e0f6f15eb5a87878b127c14a,2021-08,City of London Police,City of London Police,-0.081540,51.510806,On or near MINCING LANE,E01032739,City of London 001F,Investigation complete; no suspect identified
5f9757d0be1a1ae36dffe0698a1e8d1985a4bce2ba489b479e6ed378af44e044,2021-08,City of London Police,City of London Police,-0.104973,51.512887,On or near BRIDEWELL PLACE,E01032740,City of London 001G,Unable to prosecute suspect
e166f71642b15b6fbe3ada724ee210556f19a97c9f9996322640c34f8989a742,2021-08,City of London Police,City of London Police,-0.095960,51.517534,On or near LONDON WALL,E01000001,City of London 001A,Investigation complete; no suspect identified
18e061a1a2c69aeefb04d3c5e7d2cb3c7d0bf4447169943fb375cfc0ecdb4d59,2021-08,City of London Police,City of London Police,-0.102647,51.513721,On or near PILGRIM STREET,E01032739,City of London 001F,Investigation complete; no suspect identified
a02faf61c9b41479cc575f1147a5413ea203794dc4d8dec91c45e18d04210fe2,2021-08,City of London Police,City of London Police,-0.095026,51.518499,On or near Park/Open Space,E01000002,City of London 001B,Investigation complete; no suspect identified
3bf4a66b677718ca429d9524ba3b0b34420d2d75d0b2fa4bdae5165d98407b81,2021-08,City of London Police,City of London Police,-0.104275,51.511661,On or near VICTORIA EMBANKMENT,E01032739,City of London 001F,Investigation complete; no suspect identified
bc43d2c5010acd73457fddc469c2abdd37479c63fb9ef197d9ae95b192c9dee1,2021-08,City of London Police,City of London Police,-0.079786,51.517576,On or near Police Station,E01032739,City of London 001F,Investigation complete; no suspect identified
9c9ed34c9d774b3b49262d582e6f9a84677dbf38247837952cd946c3ccf17c10,2021-08,City of London Police,City of London Police,-0.080376,51.517244,On or near Supermarket,E01032739,City of London 001F,Investigation complete; no suspect identified
9da049367538ee1fd6b839c6d83aa6dea945e8ea201d0455b48a7fe2cabdf574,2021-08,City of London Police,City of London Police,-0.104001,51.513051,On or near APOTHECARY STREET,E01032739,City of London 001F,Investigation complete; no suspect identified
93f529fd0f74eb18be84ce5c72b45d8a5aee968d71b83a7689b35bcbfb9a2b89,2021-08,City of London Police,City of London Police,-0.102721,51.515404,On or near ST GEORGES'S COURT,E01032740,City of London 001G,Unable to prosecute suspect
3ec9fb0d5d92e6884773e6537bbbdc55e3e3487cc805d0055f189a44dbeb6269,2021-08,City of London Police,City of London Police,-0.086166,51.510828,On or near EASTCHEAP,E01032739,City of London 001F,Investigation complete; no suspect identified
ac889ad8dc4034259545202640b857a18ca6ffca5f9ea3311d01831be3c70dc0,2021-08,City of London Police,City of London Police,-0.086166,51.510828,On or near EASTCHEAP,E01032739,City of London 001F,Investigation complete; no suspect identified
d8a814a4e2cdf5bd8aaf814222150bf82b5106b9481b90f1501520227972e5cd,2021-08,City of London Police,City of London Police,-0.102721,51.515404,On or near ST GEORGES'S COURT,E01032740,City of London 001G,Unable to prosecute suspect
ae983f212517204e6d0d32a150d1b69a970fa21538112bdf5fbc4d4bda8734fd,2021-08,City of London Police,City of London Police,-0.084967,51.512598,On or near BELL INN YARD,E01032739,City of London 001F,Unable to prosecute suspect
76df565c5c771c7c343f30871bb63e98a83ffbcabfcc3fef8e5aa401229e74bd,2021-08,City of London Police,City of London Police,-0.081620,51.516814,On or near ALDERMAN'S WALK,E01032739,City of London 001F,Investigation complete; no suspect identified
c26f316aa790932b153c38387e5e92d564eebaa8f160968ec86798d27cd969c8,2021-08,City of London Police,City of London Police,-0.096363,51.513377,On or near NEW CHANGE,E01032739,City of London 001F,Investigation complete; no suspect identified
8ecf9f1fffb1b49779692788ba6c00cfe62b0eb9a4d5bde467e2d26b0948e32a,2021-08,City of London Police,City of London Police,-0.084201,51.510949,On or near PHILPOT LANE,E01032739,City of London 001F,Investigation complete; no suspect identified
d8d7b775d80c4a8fe0fd2cbd704ab1418b3ec4100baafbfbd53fbc191f18efac,2021-08,City of London Police,City of London Police,-0.087780,51.508066,On or near BOROUGH HIGH STREET,E01032739,City of London 001F,Unable to prosecute suspect
cfb191d21409721dfe7d7928cb1a3e54c5c81b41a583815e630fb05046b82bc7,2021-08,City of London Police,City of London Police,-0.104621,51.512692,On or near Supermarket,E01032740,City of London 001G,Investigation complete; no suspect identified
c3d53f3537fb794365574d9d2d5417a748d56edd8dc759f52dca9cbe0a6312d6,2021-08,City of London Police,City of London Police,-0.098777,51.512526,On or near KNIGHTRIDER STREET,E01032739,City of London 001F,Investigation complete; no suspect identified
e593d0c3a37429dc2b622a7d16a2bd9c2b44e58c0111d0a3b79195c77f76e651,2021-08,City of London Police,City of London Police,-0.074958,51.514151,On or near ALDGATE HIGH STREET,E01000005,City of London 001E,Investigation complete; no suspect identified
4aea708e4e1c54d7e79148a81a8d2f74466848a195801c8d57aa05837d8bfe7a,2021-08,City of London Police,City of London Police,-0.097053,51.518262,On or near ALDERSGATE STREET,E01000001,City of London 001A,Investigation complete; no suspect identified
9996576dbfde5c48997b613cc990d09f62a1a57aa367886e5e555d39fb737249,2021-08,City of London Police,City of London Police,-0.096363,51.513377,On or near NEW CHANGE,E01032739,City of London 001F,Investigation complete; no suspect identified
18670f3214a2a9fee41221a714584b26674b62790129aae066d8ce56c0157011,2021-08,City of London Police,City of London Police,-0.096814,51.512952,On or near ST PAUL'S CHURCH YARD,E01032739,City of London 001F,Investigation complete; no suspect identified
9fc06fd64d1452bb0f20adb1ec7e5fb20c2c9b810c6824c01d5f6a0ef3d7f98a,2021-08,City of London Police,City of London Police,-0.082722,51.518029,On or near Pedestrian Subway,E01032739,City of London 001F,Investigation complete; no suspect identified
123052014c3e1220c5cba2693fc891faeb1d02bd0be63eced3c503a68b431bc4,2021-08,City of London Police,City of London Police,-0.081540,51.510806,On or near MINCING LANE,E01032739,City of London 001F,Investigation complete; no suspect identified
886df29b042151c356fbfdffa8f96d9afa3cdeb3565938fa2286e815bbbeacdf,2021-08,City of London Police,City of London Police,-0.083972,51.510549,On or near LOVAT LANE,E01032739,City of London 001F,Investigation complete; no suspect identified
ca8c0d513f60f557fc009a012e7841d3a686959ab8a166efd6c4b9b804605125,2021-08,City of London Police,City of London Police,-0.081516,51.510014,On or near GREAT TOWER STREET,E01032739,City of London 001F,Investigation complete; no suspect identified
addd49fc7d963ab8ba39413b3a0c5689fa38b05eb0728ffd575567e076ed3565,2021-08,City of London Police,City of London Police,-0.092865,51.510182,On or near Parking Area,E01032739,City of London 001F,Investigation complete; no suspect identified
438a001b45e0aef1554c005ab36e8eb32eb8ab852d308cab5a581ba5bd523b91,2021-08,City of London Police,City of London Police,-0.078856,51.518433,On or near ARTILLERY LANE,E01032739,City of London 001F,Investigation complete; no suspect identified
148ccd175e49b74e7b6ffce01c74c001ba65a951714107444d34743ef687b178,2021-08,City of London Police,City of London Police,-0.098777,51.512526,On or near KNIGHTRIDER STREET,E01032739,City of London 001F,Unable to prosecute suspect
c5ff66f8f8b8f7cbea08a4be6e9f41405ae82f067cc9bd2a73aa1e16bbc620ca,2021-08,City of London Police,City of London Police,-0.078856,51.518433,On or near ARTILLERY LANE,E01032739,City of London 001F,Investigation complete; no suspect identified
eedd255b9a395d26592bfffb5aec35e704f88c993a270a96f4efa1e0f3817323,2021-08,City of London Police,City of London Police,-0.080952,51.514528,On or near ST MARY AXE,E01032739,City of London 001F,Investigation complete; no suspect identified
42209b532f0b949f82b2a2a57d026bd1919d06c2321e929f036d51bad6640630,2021-08,City of London Police,City of London Police,-0.097213,51.511322,On or near CASTLE BAYNARD STREET,E01032739,City of London 001F,Investigation complete; no suspect identified
a625062d4f3f882a830bdc2360871bfd2721d392b819a4d13ab80d2a313bb4af,2021-08,City of London Police,City of London Police,-0.108283,51.517526,On or near Supermarket,E01032740,City of London 001G,Investigation complete; no suspect identified
ea1c19d1aa14adceda73f85d0eb276ca1352e31476ad1ed11b3f590257757a9a,2021-08,City of London Police,City of London Police,-0.081620,51.516814,On or near ALDERMAN'S WALK,E01032739,City of London 001F,Investigation complete; no suspect identified
af1a55f8c92928cff390e4c614c7fe437a0c3d0ca1ba617795c0c2f626d5fc41,2021-08,City of London Police,City of London Police,-0.084618,51.512682,On or near GRACECHURCH STREET,E01032739,City of London 001F,Investigation complete; no suspect identified
402b517fd81ea15ab493e3a9e33e99673052c1ebaad761ac12ef8d717ad964fa,2021-08,City of London Police,City of London Police,-0.087780,51.508066,On or near BOROUGH HIGH STREET,E01032739,City of London 001F,Formal action is not in the public interest
e5cf782c4f809b46798a6ecf3d0c5fb971ad896640051e09ea16b72c3c52036a,2021-08,City of London Police,City of London Police,-0.094094,51.515606,On or near GRESHAM STREET,E01000002,City of London 001B,Investigation complete; no suspect identified
1ccde3be34d02ac9dd20b39275f6e59a0aad0140dc559078ce6a226668b62b9f,2021-08,City of London Police,City of London Police,-0.080782,51.514804,On or near ST MARY AXE,E01032739,City of London 001F,Investigation complete; no suspect identified
ea2c625f64f7215d44d5ad4b2fbeb8782e91bf10ce9c1a60f66eb1fb12184ede,2021-08,City of London Police,City of London Police,-0.094628,51.514203,On or near CHEAPSIDE,E01032739,City of London 001F,Investigation complete; no suspect identified
814459529980e1fbaab75cacaaf0ee6355953f595993c4196d1c4d3756dfc84f,2021-08,City of London Police,City of London Police,-0.091494,51.510924,On or near COLLEGE STREET,E01032739,City of London 001F,Investigation complete; no suspect identified
1562be442a3a2153a784aab42a9b05477a36b25dd16538139aeaf5dceaf821f3,2021-08,City of London Police,City of London Police,-0.102411,51.512117,On or near QUEEN VICTORIA STREET,E01032739,City of London 001F,Investigation complete; no suspect identified
bfb0db2d46f0980a53b3c5130831888bd63d2e2e92e90a4a35d33914bd38c3b5,2021-08,City of London Police,City of London Police,-0.086175,51.510945,On or near GRACECHURCH STREET,E01032739,City of London 001F,Investigation complete; no suspect identified
94854570837d863bbf43a8505f399ded7c5675a4aa5bae0f2c01c4fd72e38e31,2021-08,City of London Police,City of London Police,-0.076113,51.511014,On or near Conference/Exhibition Centre,E01000005,City of London 001E,Investigation complete; no suspect identified
861226dd7c7d208379353bdf53074099e2b0672f82e27c2888acd50abdeb7543,2021-08,City of London Police,City of London Police,-0.087153,51.518910,On or near SOUTH PLACE MEWS,E01032739,City of London 001F,Investigation complete; no suspect identified
a22cb192c5c67f7e41106e0eacf61e130828515343a9e0adf44b9101a737150f,2021-08,City of London Police,City of London Police,-0.081540,51.510806,On or near MINCING LANE,E01032739,City of London 001F,Investigation complete; no suspect identified
fa70a709cb941e07ee99a002cb26bb41621cd32485d27e217f31c3e98bda8c37,2021-08,City of London Police,City of London Police,-0.102647,51.513721,On or near PILGRIM STREET,E01032739,City of London 001F,Investigation complete; no suspect identified
e0951b68f3143a514c6a45577e04625986298ddaa7b6e006db3c8feee9b35806,2021-08,City of London Police,City of London Police,-0.104909,51.517912,On or near Parking Area,E01032740,City of London 001G,Investigation complete; no suspect identified
cfab95ea3c49dda8592683cd14b4d22fae0697645afa5211fba7492477446873,2021-08,City of London Police,City of London Police,-0.096075,51.514766,On or near FOSTER LANE,E01032739,City of London 001F,Investigation complete; no suspect identified
4e74c18433b078de6999c01133b4e0d5a2187bafb8c0d75561f87275f4d08d40,2021-08,City of London Police,City of London Police,-0.104252,51.516733,On or near Supermarket,E01032740,City of London 001G,Investigation complete; no suspect identified
9149a95a83cb924f5652d45a46b3dd0c6179723c035981a5e6c2cb554d246170,2021-08,City of London Police,City of London Police,-0.076270,51.515504,On or near GRAVEL LANE,E01000005,City of London 001E,Investigation complete; no suspect identified
9758c481588b9c533c06c42bf2cd92d57a66d57a772f1ee493014da6de58d983,2021-08,City of London Police,City of London Police,-0.107793,51.515450,On or near EAST HARDING STREET,E01032740,City of London 001G,Investigation complete; no suspect identified
c46586dd6ecb07204ad9c578e63aba0cfc443fc360681fc659166aef039b843b,2021-08,City of London Police,City of London Police,-0.078665,51.509950,On or near MUSCOVY STREET,E01032739,City of London 001F,Investigation complete; no suspect identified
ffc3b020fb51f9fd14b8fd39a0dc3f85f2dc96010c8e4fd2b0d88a51fb8d998c,2021-08,City of London Police,City of London Police,-0.104887,51.516347,On or near FARRINGDON STREET,E01032740,City of London 001G,Investigation complete; no suspect identified
be243b2afef186271d457de55c7512f6a4bab2d213f12cece9c4a595c9291997,2021-08,City of London Police,City of London Police,-0.109709,51.517909,On or near HIGH HOLBORN,E01032740,City of London 001G,Investigation complete; no suspect identified
0723d09f4cb49d5fecf4db1403181da29665019fe36627592a26f1f1575419f7,2021-08,City of London Police,City of London Police,-0.079080,51.519615,On or near BISHOPSGATE,E01004307,Tower Hamlets 015B,Investigation complete; no suspect identified
64d663faee0bc6c3327ab058c9efd8b55e0be2b53e0df628624f33b467e9ea53,2021-08,City of London Police,City of London Police,-0.092077,51.512147,On or near TOWER ROYAL,E01032739,City of London 001F,Investigation complete; no suspect identified
e14c5477a745bc925b4ef73b00f50e5ede6390149b8e2679f44f10cb1317caa1,2021-08,City of London Police,City of London Police,-0.096511,51.511922,On or near QUEEN VICTORIA STREET,E01032739,City of London 001F,Investigation complete; no suspect identified
ea0a50df1278f88e3d5330f8e48e65b2bb6765e427c315605dacf6110c5637cc,2021-08,City of London Police,City of London Police,-0.081620,51.516814,On or near ALDERMAN'S WALK,E01032739,City of London 001F,Unable to prosecute suspect
f453dfadef9c09ea7b13d68b99969c807b517b1c796d3960aa1b714f984135eb,2021-08,City of London Police,City of London Police,-0.095914,51.520348,On or near BEECH STREET,E01000001,City of London 001A,Investigation complete; no suspect identified
83ea06211add79aca43548e6c4a616ae62f8e1cc76a9a355ace3f81d38c3c3a2,2021-08,City of London Police,City of London Police,-0.086728,51.510477,On or near KING WILLIAM STREET,E01032739,City of London 001F,Investigation complete; no suspect identified
ff4d426e760121f6cffe87e61b6c79ad511c21d9a969beae72cf57226c063c87,2021-08,City of London Police,City of London Police,-0.102647,51.513721,On or near PILGRIM STREET,E01032739,City of London 001F,Investigation complete; no suspect identified
f8597451ee5d2141bd191d36b5f1f3a6fb1f6511e1460f40f081ab65c78ef2a8,2021-08,City of London Police,City of London Police,-0.087153,51.518910,On or near SOUTH PLACE MEWS,E01032739,City of London 001F,Investigation complete; no suspect identified
45344cb4d7a31278a188909af3a5d5fa0b6da19c4874cb848d0a88d0d8bd78d2,2021-08,City of London Police,City of London Police,-0.079786,51.517576,On or near Police Station,E01032739,City of London 001F,Investigation complete; no suspect identified
86c654aac1aa0bead7848e0360265e3fd6b45bb88aaec9536a0aa92bdb03482d,2021-08,City of London Police,City of London Police,-0.094628,51.514203,On or near CHEAPSIDE,E01032739,City of London 001F,Unable to prosecute suspect
e667da8907b73cc00c1c724bcecf1379a165799ac123b6a54d06207ea34b4732,2021-08,City of London Police,City of London Police,-0.094628,51.514203,On or near CHEAPSIDE,E01032739,City of London 001F,Investigation complete; no suspect identified
efa99dc3fea5d59fb9bc39cbbde582b45a395486da4cb3d28c9219dd55f207b4,2021-08,City of London Police,City of London Police,-0.109647,51.514887,On or near FETTER LANE,E01032740,City of London 001G,Unable to prosecute suspect
aa9d606ca64fbd1b71f54d1dfaa8b7912bd93b3df0f72633078ac82b34c37c50,2021-08,City of London Police,City of London Police,-0.102930,51.518375,On or near WEST SMITHFIELD,E01032740,City of London 001G,Unable to prosecute suspect
ceb675ad21e0bc5d0c8aa816cf5960bcc8d0572522e61b2c3bfee9d587d95e5b,2021-08,City of London Police,City of London Police,-0.086166,51.510828,On or near EASTCHEAP,E01032739,City of London 001F,Investigation complete; no suspect identified
7272385fc1fcf99390f482af4b963aaea6e4b7eebbbdbfbf321a6f8d19364b44,2021-08,City of London Police,City of London Police,-0.091494,51.510924,On or near COLLEGE STREET,E01032739,City of London 001F,Investigation complete; no suspect identified
b72a09f4058fdaa8c4bf24c35db08836fb024b24131814096acdba983c469055,2021-08,City of London Police,City of London Police,-0.087549,51.514276,On or near BARTHOLOMEW LANE,E01032739,City of London 001F,Action to be taken by another organisation
745c040f14f8b72164715685e8b68fe21cbab238f8cd4a63df89dd430d727fbb,2021-08,City of London Police,City of London Police,-0.087549,51.514276,On or near BARTHOLOMEW LANE,E01032739,City of London 001F,Action to be taken by another organisation
a332403f44b4c371049fc28c42e54fbd7ec9e95d5c31f6b9f97127448f4d09d1,2021-08,City of London Police,City of London Police,-0.079786,51.517576,On or near Police Station,E01032739,City of London 001F,Unable to prosecute suspect
e54f89890482a7c023955b4e0559dedf7750e3194cfd68718dfab2886e593484,2021-08,City of London Police,City of London Police,-0.075844,51.511594,On or near CROSSWALL,E01000005,City of London 001E,Investigation complete; no suspect identified
35b34600ef82f4e38b11ab95643971cf02660d540bcefa35ddd93f40ed8b3a0e,2021-08,City of London Police,City of London Police,-0.085355,51.510563,On or near PUDDING LANE,E01032739,City of London 001F,Unable to prosecute suspect
2db6d279556dc86f2d7f7ba593f25e5c087e7a7d4d0f4ca5175a9bee422dcf56,2021-08,City of London Police,City of London Police,-0.101794,51.516207,On or near NEWGATE STREET,E01032740,City of London 001G,Investigation complete; no suspect identified
ce16b2add3a30ceab4f5a398c10afa631aa6dea7ebb0aa611f5023f7e862d5d8,2021-08,City of London Police,City of London Police,-0.100202,51.513268,On or near DEAN'S COURT,E01032739,City of London 001F,Investigation complete; no suspect identified
ff7ede352763bb85a4bfbffbcf83d40cb7ec674ed4ed0da698fa25dd4158e17b,2021-08,City of London Police,City of London Police,-0.080376,51.517244,On or near Supermarket,E01032739,City of London 001F,Investigation complete; no suspect identified
fbecdf260cc2a3139b8e3007a19efb5a32096958dfe2e9716deb8d5517256131,2021-08,City of London Police,City of London Police,-0.104252,51.516733,On or near Supermarket,E01032740,City of London 001G,Investigation complete; no suspect identified
07f4007d3c4bfb8bbaad2b4e4f83799a927e65b526e0475bf5cf521bc875d010,2021-08,City of London Police,City of London Police,-0.101452,51.512650,On or near ST ANDREW'S HILL,E01032739,City of London 001F,Formal action is not in the public interest
737e5fcdcee7e3d28e64a674f69fbce6949d81e6ada1833c46bd58387d88ddf0,2021-08,City of London Police,City of London Police,-0.074115,51.511224,On or near GOODMAN'S YARD,E01000005,City of London 001E,Investigation complete; no suspect identified
617b7f4d1cc7ea2a9624c4efb57971e61ce0874c3700d512440972d5670bbfc0,2021-08,City of London Police,City of London Police,-0.101963,51.519097,On or near Conference/Exhibition Centre,E01032740,City of London 001G,Investigation complete; no suspect identified
b7ae9cba8c3f6e89c96ae5c9d2acbb56d9cdac234f3224deb54563b97d8bee9d,2021-08,City of London Police,City of London Police,-0.083150,51.510913,On or near ROOD LANE,E01032739,City of London 001F,Investigation complete; no suspect identified
f157bbd251259d543ce0f7346adab9d889aa6b7ea921b4d771ab51de50ffeb2d,2021-08,City of London Police,City of London Police,-0.108965,51.516386,On or near PLOUGH PLACE,E01032740,City of London 001G,Investigation complete; no suspect identified
aaccfdc16834f20699c147a55043071b762909e26555c16d84a9dd2fde90670a,2021-08,City of London Police,City of London Police,-0.105134,51.513869,On or near BRIDE LANE,E01032740,City of London 001G,Investigation complete; no suspect identified
f59f3b8d213f2055a8b3815f18a219134657c521e767782e2e7f7174a67a0027,2021-08,City of London Police,City of London Police,-0.105134,51.513869,On or near BRIDE LANE,E01032740,City of London 001G,Investigation complete; no suspect identified
aa07420b3ef3cba1f8cd3d5fb5297f75f39383d492709f7e68b6539ac0fbbae6,2021-08,City of London Police,City of London Police,-0.087780,51.508066,On or near BOROUGH HIGH STREET,E01032739,City of London 001F,Investigation complete; no suspect identified
31af1f860bf842cb95e088d41662953783a43cd3fb9884decc3ac5eb09ae55a9,2021-08,City of London Police,City of London Police,-0.076435,51.513627,On or near ALDGATE,E01000005,City of London 001E,Investigation complete; no suspect identified
3f19bf544111a235c3d0a6e5ea07edf0945b73157975f5fe583cacd6bcfca8e3,2021-08,City of London Police,City of London Police,-0.077694,51.513171,On or near ALDGATE,E01032739,City of London 001F,Investigation complete; no suspect identified
412cabcc60514c647975a82aba711f8e0cbd7418ec282f1f88793a3ab2da3ec4,2021-08,City of London Police,City of London Police,-0.088621,51.518619,On or near MOORFIELDS,E01000002,City of London 001B,Investigation complete; no suspect identified
775e379763c83926e77e6cd65f5a93141123a8315bb46cc174fc66473641eff8,2021-08,City of London Police,City of London Police,-0.108965,51.516386,On or near PLOUGH PLACE,E01032740,City of London 001G,Investigation complete; no suspect identified
bd0ae9d13c157e26a01b585ee31267b97caaf4072e3c7b7ce8deb721a7f13153,2021-08,City of London Police,City of London Police,-0.086166,51.510828,On or near EASTCHEAP,E01032739,City of London 001F,Investigation complete; no suspect identified
f837c2426fead513bf14a25b300c51613595e041e627dbf099ab8924424e3ea7,2021-08,City of London Police,City of London Police,-0.081549,51.511625,On or near MINCING LANE,E01032739,City of London 001F,Investigation complete; no suspect identified
a8ebbb269e2b06c5ceca207d29ec8fd8844d882b06ee565a6f10809dc4ce163b,2021-08,City of London Police,City of London Police,-0.096363,51.513377,On or near NEW CHANGE,E01032739,City of London 001F,Investigation complete; no suspect identified
38b1739356a8608016199420cda7d98a22b33e261d3aed0f99bc7f9c50e0d32a,2021-08,City of London Police,City of London Police,-0.090506,51.513524,On or near POULTRY,E01032739,City of London 001F,Investigation complete; no suspect identified
a4aac27558ea89b80340f897a1b1894de9bc9725020e22062b9757f556218783,2021-08,City of London Police,City of London Police,-0.084566,51.517690,On or near BLOMFIELD STREET,E01032739,City of London 001F,Investigation complete; no suspect identified
01e32aacd5b195e85053283f2f2f724c2c9ca7f53ce8d10814567900a1ddc025,2021-08,City of London Police,City of London Police,-0.102741,51.513885,On or near PAGEANTMASTER COURT,E01032740,City of London 001G,Investigation complete; no suspect identified
3ff022accd0069536a05133424ff553ad777021520efb2540a248e9fd600934e,2021-08,City of London Police,City of London Police,-0.076067,51.516894,On or near LEYDEN STREET,E01004307,Tower Hamlets 015B,Formal action is not in the public interest
43813883ec44974de9c334152ec58b7c7f9eb342d2a83db153a8fba648f866b4,2021-08,City of London Police,City of London Police,-0.081620,51.516814,On or near ALDERMAN'S WALK,E01032739,City of London 001F,Investigation complete; no suspect identified
82193847da3eca418dccdb2c0d4ff40bce408edadfb24c6a54001b9fc3940fd2,2021-08,City of London Police,City of London Police,-0.101452,51.512650,On or near ST ANDREW'S HILL,E01032739,City of London 001F,Investigation complete; no suspect identified
c64b89257c477ccea3b25ac860c92fb4e974038116c8127e6b5cbd60e47eea85,2021-08,City of London Police,City of London Police,-0.104887,51.516347,On or near FARRINGDON STREET,E01032740,City of London 001G,Investigation complete; no suspect identified
ca8717c82b6f6ea0fb01133485a4d6e52b117f4d24586567b4e7549c1cd8dd15,2021-08,City of London Police,City of London Police,-0.084701,51.509320,On or near LOWER THAMES STREET,E01032739,City of London 001F,Investigation complete; no suspect identified
3626cb357f64b25c24f189d3deaf8b25ec952c672d741262df8fb9b951c6b120,2021-08,City of London Police,City of London Police,-0.083993,51.511440,On or near PHILPOT LANE,E01032739,City of London 001F,Unable to prosecute suspect
0ed9b8e3295b7e388093abc9cdcff532afd9b3d7e5f35b3bd1ce7d5841aa4a0c,2021-08,City of London Police,City of London Police,-0.078307,51.513676,On or near MITRE STREET,E01032739,City of London 001F,Investigation complete; no suspect identified
e7025d31c81b47cc28a92dde1aed3ab12efd79a97c617fc610112f1171f44318,2021-08,City of London Police,City of London Police,-0.102668,51.513560,On or near LUDGATE BROADWAY,E01032739,City of London 001F,Investigation complete; no suspect identified
63c0e9be981317c0aacd22ff701b6859e6434b078dd1c060e724decf3ec434d1,2021-08,City of London Police,City of London Police,-0.080389,51.512820,On or near BILLITER STREET,E01032739,City of London 001F,Unable to prosecute suspect
90c07d05ae5966baefdc7409a91751ece16efcb166165ecaf8faf65ff47de31f,2021-08,City of London Police,City of London Police,-0.080034,51.513389,On or near LEADENHALL STREET,E01032739,City of London 001F,Unable to prosecute suspect
67e8e385da97d0a66861e19cc3c1eb71d6da6516bb46e9786c9316f95358bb94,2021-08,City of London Police,City of London Police,-0.104887,51.516347,On or near FARRINGDON STREET,E01032740,City of London 001G,Investigation complete; no suspect identified
af8ddd081b43f97bd8154bf7f16b872d59dd4b6a29dd37a392c745aedcc130cb,2021-08,City of London Police,City of London Police,-0.109709,51.517909,On or near HIGH HOLBORN,E01032740,City of London 001G,Investigation complete; no suspect identified
10c36bc3ba3f9c9c0520358606dafffa8e320e9e9fdcc2492737ff73ee863b5a,2021-08,City of London Police,City of London Police,-0.108231,51.513928,On or near PLEYDELL STREET,E01032740,City of London 001G,Investigation complete; no suspect identified
f3c9521d5043885107072e90220efde59da8860310e682dfd04047a335df50cb,2021-08,City of London Police,City of London Police,-0.080665,51.509344,On or near Pedestrian Subway,E01032739,City of London 001F,Investigation complete; no suspect identified
84caede5249e8b4ec682da69ba459c00e7412040247263ecc1f9ea9fa0728316,2021-08,City of London Police,City of London Police,-0.081620,51.516814,On or near ALDERMAN'S WALK,E01032739,City of London 001F,Investigation complete; no suspect identified
6041a2f674c8bc0c2f83e87354ce60e5fda580947b1d7e26ff8eda5b429ada1e,2021-08,City of London Police,City of London Police,-0.077777,51.518046,On or near SANDY'S ROW,E01032739,City of London 001F,Unable to prosecute suspect
e1e0dd0361e809a37dd03c55f1805325239448f216a58e7292b095e77c4638d0,2021-08,City of London Police,City of London Police,-0.088621,51.518619,On or near MOORFIELDS,E01000002,City of London 001B,Unable to prosecute suspect
32dd9beb4255967badd68f52efb81a0af0e196d6012917cbf9fb2b9d9940a8f5,2021-08,City of London Police,City of London Police,-0.094115,51.516497,On or near WOOD STREET,E01000002,City of London 001B,Investigation complete; no suspect identified
cf537d46415af08e7b99791436fc6eb1489ec3d8d735baa29cc2dfb97dd1b3b9,2021-08,City of London Police,City of London Police,-0.088203,51.518262,On or near MOORGATE,E01032739,City of London 001F,Investigation complete; no suspect identified
32d3d0ff0555f4215f1b75dd3e763b708e9c6c42d2277c0b36c12d353466f576,2021-08,City of London Police,City of London Police,-0.088203,51.518262,On or near MOORGATE,E01032739,City of London 001F,Investigation complete; no suspect identified
47fbae90cb69ceaf4ee345228283f493fc820f527cc7a118ceadae3fc37eed2a,2021-08,City of London Police,City of London Police,-0.097736,51.520206,On or near Conference/Exhibition Centre,E01000001,City of London 001A,Unable to prosecute suspect
7d97f2470336d9c39222a4cab171c5cfa2ecc5b2ae8405de7edfd55e8bb978fc,2021-08,City of London Police,City of London Police,-0.081620,51.516814,On or near ALDERMAN'S WALK,E01032739,City of London 001F,Formal action is not in the public interest
aafc61410120b7d417946e704ac5d7a100ea51e4e21927ba5c6bcfb4a39393bf,2021-08,City of London Police,City of London Police,-0.076044,51.512650,On or near INDIA STREET,E01000005,City of London 001E,Investigation complete; no suspect identified
43fc73c55a09311e840bd86b6cf8dccf6c7b7632b932567ae3197bd4138f8fe9,2021-08,City of London Police,City of London Police,-0.099848,51.519350,On or near LONG LANE,E01032740,City of London 001G,Unable to prosecute suspect
5e3c238b03ea07700abc92d9825e89d68ea39623fb2c3676a46d1a79d6baa43d,2021-08,City of London Police,City of London Police,-0.062909,51.517892,On or near Further/Higher Educational Building,E01004325,Tower Hamlets 021D,Unable to prosecute suspect
6e1cb7f860a43914a0354fa1c2a87d99d32bfd250c518f8a36672abe005c1180,2021-08,City of London Police,City of London Police,-0.081912,51.516370,On or near Conference/Exhibition Centre,E01032739,City of London 001F,Investigation complete; no suspect identified
8bdf1e9877cfe1e39ea622502f4bed8e899ab30e3bdc59c5ea7c01a5dc6fad08,2021-08,City of London Police,City of London Police,-0.092267,51.511745,On or near CLOAK LANE,E01032739,City of London 001F,Investigation complete; no suspect identified
3b84509b5ddd08334d62e5fa3655c1f5a6faffcf04df7d4bb317b5df8c292dbd,2021-08,City of London Police,City of London Police,-0.081620,51.516814,On or near ALDERMAN'S WALK,E01032739,City of London 001F,Unable to prosecute suspect
00b718cd3605fd87f2fbe7324a8b0c539c80a51907a6423689e345d4284c3de9,2021-08,City of London Police,City of London Police,-0.081620,51.516814,On or near ALDERMAN'S WALK,E01032739,City of London 001F,Formal action is not in the public interest
ebeef2ad8fe65c3f21eb1177fec8f12dc13f851d80dbc2b2fbff18d5c133c6ea,2021-08,City of London Police,City of London Police,-0.089858,51.520744,On or near CHISWELL STREET,E01002704,Islington 023D,Investigation complete; no suspect identified
5d0dc1a64804cacdc0080efe263c457e960dcba565fb77b028b5901fdd30a8f8,2021-08,City of London Police,City of London Police,-0.074330,51.513647,On or near LITTLE SOMERSET STREET,E01000005,City of London 001E,Unable to prosecute suspect
8060ed5a80376c1d4c917439670d17f57caabbaea14368a9226c0d37624042af,2021-08,City of London Police,City of London Police,-0.073515,51.510414,On or near Parking Area,E01000005,City of London 001E,Investigation complete; no suspect identified
41186d976485c7320b1eefacf81e45cc1e9040f1ae364882a260279ec59c8f67,2021-08,City of London Police,City of London Police,-0.086166,51.510828,On or near EASTCHEAP,E01032739,City of London 001F,Investigation complete; no suspect identified
f0f8c98f14e0505abb6bc9e542e0f1f37f2cd6ef5b099bb5b08539e7a05d88ae,2021-08,City of London Police,City of London Police,-0.111962,51.518494,On or near Nightclub,E01000914,Camden 028B,Investigation complete; no suspect identified
b82ea818302bce90954d8d5e7743cc8aa9492d7d9250a48192e394fbe8591677,2021-08,City of London Police,City of London Police,-0.081620,51.516814,On or near ALDERMAN'S WALK,E01032739,City of London 001F,Unable to prosecute suspect
296170fa71790e2560e73ffca7fe8d54fc6a96a9576b8c1f626d6d55e7add46b,2021-08,City of London Police,City of London Police,-0.104887,51.516347,On or near FARRINGDON STREET,E01032740,City of London 001G,Investigation complete; no suspect identified
2d6bc9789a03b162b8b5a73f2838c59553b383788f8f39c962127925b54961ca,2021-08,City of London Police,City of London Police,-0.100179,51.514158,On or near Shopping Area,E01032739,City of London 001F,Formal action is not in the public interest
103d0c4c365fe31ec06c105b0ed0ec950aba744893f37d4360955dc807a121d5,2021-08,City of London Police,City of London Police,-0.107926,51.516414,On or near BARTLETT COURT,E01032740,City of London 001G,Investigation complete; no suspect identified
6eb570e4141512cacf839437c91d1c4a73244082f577f9f097effbc38110ab7f,2021-08,City of London Police,City of London Police,-0.080376,51.517244,On or near Supermarket,E01032739,City of London 001F,Investigation complete; no suspect identified
f9cb119deaa1de035733744a309bce5c8e2796a1a347f6fde2048747d90536a1,2021-08,City of London Police,City of London Police,-0.106922,51.514204,On or near FLEET STREET,E01032740,City of London 001G,Unable to prosecute suspect
d8d1259939ad4862cf4578e4b929b5ee1645ec408d81ed3162780ebea8bd2c5e,2021-08,City of London Police,City of London Police,-0.076270,51.515504,On or near GRAVEL LANE,E01000005,City of London 001E,Formal action is not in the public interest
42e1796ae1f2581ca052074a03e32ae69c55e94f2e5c84d05cd5f63815e84121,2021-08,City of London Police,City of London Police,-0.076592,51.514367,On or near Pedestrian Subway,E01000005,City of London 001E,Investigation complete; no suspect identified
c04070d88b9423850714f9c34d889d47b25a9427dec5b5a38be365b59d381a3b,2021-08,City of London Police,City of London Police,-0.094628,51.514203,On or near CHEAPSIDE,E01032739,City of London 001F,Investigation complete; no suspect identified
bbb902cc7bf68b7dc4989fb6d785e415d8182ad6aa036ea15fb55a89c3ea942f,2021-08,City of London Police,City of London Police,-0.084701,51.509320,On or near LOWER THAMES STREET,E01032739,City of London 001F,Investigation complete; no suspect identified
2fe3d85ab81a3f214934d0dc9f18319c62012bcf5ab7e2b56a2f23d47037c268,2021-08,City of London Police,City of London Police,-0.092297,51.518949,On or near Park/Open Space,E01000002,City of London 001B,Unable to prosecute suspect
c0b18139457aef85262d3e1bcd014d980fd2b6e2e0f1f610d0eb96d5cf78e5f3,2021-08,City of London Police,City of London Police,-0.088042,51.511794,On or near ABCHURCH LANE,E01032739,City of London 001F,Investigation complete; no suspect identified
486c80fb3c90d19147cb4cbd7d024165104c1b658c023022f56e5aa521f8a44f,2021-08,City of London Police,City of London Police,-0.078749,51.520985,On or near NORTON FOLGATE,E01032739,City of London 001F,Investigation complete; no suspect identified
a641c03ee9828aefc646ebc6ae9af52cadbe672032bd9f1dc42552d924f9d5d4,2021-08,City of London Police,City of London Police,,,No location,,,Investigation complete; no suspect identified
8cec6de186198208ba85b33c9b26d1eca44ed5477636ac9c2f31a48a96b90fa2,2021-08,City of London Police,City of London Police,-0.076435,51.513627,On or near ALDGATE,E01000005,City of London 001E,Formal action is not in the public interest
5473570e6f1695a5b1d0e26f6e12e3d07908e7e7d53989558e2d3c61ea4789ae,2021-08,City of London Police,City of London Police,-0.092077,51.512147,On or near TOWER ROYAL,E01032739,City of London 001F,Investigation complete; no suspect identified
a24a4c52ceabba18e57a64fbac2e725c0fd1fbc930c87b4a76ee9e7ebf74ae44,2021-08,City of London Police,City of London Police,-0.087348,51.511512,On or near KING WILLIAM STREET,E01032739,City of London 001F,Investigation complete; no suspect identified
d4613ed1ba056abcfa134ab462ba444182cbc6c4a256e9f8ede51d679fbeae7b,2021-08,City of London Police,City of London Police,-0.100179,51.514158,On or near Shopping Area,E01032739,City of London 001F,Investigation complete; no suspect identified
ae6e17dab724c47d8f6cc52f95179b645794b1544735a25bf0d71152b42fda7e,2021-08,City of London Police,City of London Police,,,No location,,,Formal action is not in the public interest
4bd4cca7609daa186c80791123b90e6713a1c3f7e276757ba59dd9cb1fc04aa2,2021-08,City of London Police,City of London Police,-0.073254,51.512856,On or near MANSELL STREET,E01000005,City of London 001E,Unable to prosecute suspect
319e1f9ec79d4a44909fab4d436c3dc255dee757875cdc6c82842eeaaf6c1ef7,2021-08,City of London Police,City of London Police,-0.085173,51.518680,On or near FINSBURY AVENUE,E01032739,City of London 001F,Investigation complete; no suspect identified
26292227e45045982e2dc7e716332da0d0f20b082074999f8fdbafc83541eb26,2021-08,City of London Police,City of London Police,-0.098148,51.517938,On or near ALBION WAY,E01032740,City of London 001G,Investigation complete; no suspect identified
06564fe9306e53be06a1226b01f3f68f550875fe0fb9edc78b7b43ceb419e8d7,2021-08,City of London Police,City of London Police,-0.083296,51.517058,On or near OLD BROAD STREET,E01032739,City of London 001F,Investigation complete; no suspect identified
1cac8568fd27d96974ba147ab368e7748620335c4bde60479759a5f74e9e4f70,2021-08,City of London Police,City of London Police,-0.075991,51.518017,On or near TENTER GROUND,E01004307,Tower Hamlets 015B,Unable to prosecute suspect
3c8a56d839caa8b5cf8faa348168f0da07b2edb85008b552c327ff9847f74758,2021-08,City of London Police,City of London Police,-0.078665,51.509950,On or near MUSCOVY STREET,E01032739,City of London 001F,Unable to prosecute suspect
9a9a42daf4f4fa0247fb167ff8def454cfa6409f0e8663cc5d00750336950199,2021-08,City of London Police,City of London Police,-0.087760,51.517149,On or near LONDON WALL,E01032739,City of London 001F,Investigation complete; no suspect identified
ac8adecee66e4cea4538c91e58f7e1ecceace3608ae14f4a7630bb63f6d2b918,2021-08,City of London Police,City of London Police,-0.102502,51.516165,On or near GREEN ARBOUR COURT,E01032740,City of London 001G,Investigation complete; no suspect identified
6b6d0eb158f51cab4b3d77de4f06db6c3091aaa4dbb90260e2527863a38b1b38,2021-08,City of London Police,City of London Police,-0.104001,51.513051,On or near APOTHECARY STREET,E01032739,City of London 001F,Investigation complete; no suspect identified
9d458a58c61f99d890d5107e2aa86a5109601dc6cd348f6e1a65d647db14618c,2021-08,City of London Police,City of London Police,-0.079398,51.516508,On or near DEVONSHIRE SQUARE,E01032739,City of London 001F,Investigation complete; no suspect identified
308387cfa8c6ef215e89ccb7aeaeb52c4faad36c4c3672a6b00cac9ccfc4636b,2021-08,City of London Police,City of London Police,-0.087118,51.513199,On or near Nightclub,E01032739,City of London 001F,Investigation complete; no suspect identified
41e83767bef8069677a623d5fa7895e7ab96a63e0cf2fc94f9f2e496ad129ce0,2021-08,City of London Police,City of London Police,-0.088042,51.511794,On or near ABCHURCH LANE,E01032739,City of London 001F,Investigation complete; no suspect identified
fbaa8e29685d1699b192abea4f292d59eaa2ad0e059ee9a05b01c5d8cd87033d,2021-08,City of London Police,City of London Police,-0.079080,51.519615,On or near BISHOPSGATE,E01004307,Tower Hamlets 015B,Investigation complete; no suspect identified
23aca07562a5ab30e9d8e6f631bee5fdefc7e87bdd07da44bee3a3e56d40642c,2021-08,City of London Police,City of London Police,-0.105134,51.513869,On or near BRIDE LANE,E01032740,City of London 001G,Investigation complete; no suspect identified
c993628304a0e04a55120f1a74de446f0167b9d073f2d9dcf386fc25d045daf7,2021-08,City of London Police,City of London Police,-0.089465,51.510855,On or near GOPHIR LANE,E01032739,City of London 001F,Investigation complete; no suspect identified
1ce5270be199c1461dcf48b9cc16a0c16080dd775724f6147b2d26095d6420d3,2021-08,City of London Police,City of London Police,-0.089465,51.510855,On or near GOPHIR LANE,E01032739,City of London 001F,Investigation complete; no suspect identified
46680680c40a8a4637dc70128d2d6c3525e1f57f534231d1b6b6155876a04c9c,2021-08,City of London Police,City of London Police,,,No location,,,Investigation complete; no suspect identified
8c97f0efedeb6d81c4e825ec45f05345883120d172d1265fb40f7e7f59085322,2021-08,City of London Police,City of London Police,-0.104001,51.513051,On or near APOTHECARY STREET,E01032739,City of London 001F,Investigation complete; no suspect identified
a2a483d838f5620521db57bf9611f32cf1cee2b138e73f6cf3f2058c93140ee0,2021-08,City of London Police,City of London Police,-0.088843,51.509532,On or near Parking Area,E01032739,City of London 001F,Formal action is not in the public interest
d2a05c35d547ebd607c1b5ffe88ffaa0db7f90e416e5f2af0942c620f7250b28,2021-08,City of London Police,City of London Police,-0.094720,51.514420,On or near WOOD STREET,E01032739,City of London 001F,Unable to prosecute suspect
130af92a6f135b4a37dacc10d3f9bf9b671f63ea6cabd4731cb5bae7cb125344,2021-08,City of London Police,City of London Police,-0.075508,51.514763,On or near Pedestrian Subway,E01000005,City of London 001E,Investigation complete; no suspect identified
3f5bf766f9f822fe6799d5c050c73240ee4a7737eb42726a0f86bec39324a9b3,2021-08,City of London Police,City of London Police,-0.105134,51.513869,On or near BRIDE LANE,E01032740,City of London 001G,Unable to prosecute suspect
070c431927903179ed234467999181fdfd978285857660417160d997b1452f89,2021-08,City of London Police,City of London Police,-0.082965,51.516351,On or near WORMWOOD STREET,E01032739,City of London 001F,Investigation complete; no suspect identified
6955272726113c8d0f2d9b1d0186db3759ff33b00bfe4fced83028cafdadc3ac,2021-08,City of London Police,City of London Police,-0.075508,51.514763,On or near Pedestrian Subway,E01000005,City of London 001E,Formal action is not in the public interest
876efc20e1f58482409192eff3067546d70c9263d887fc6798caae360ef8d70b,2021-08,City of London Police,City of London Police,-0.087666,51.511122,On or near CANNON STREET,E01032739,City of London 001F,Unable to prosecute suspect
1e882ff4e6349bc439dbd3e80004886feab89986bda750d43f304ceb3e0ab880,2021-08,City of London Police,City of London Police,,,No location,,,Action to be taken by another organisation
7e69e069754dc8b36759b3c27aa28ea12e7c0cb9454e73e158652ae1b3ade3f7,2021-08,City of London Police,City of London Police,-0.104001,51.513051,On or near APOTHECARY STREET,E01032739,City of London 001F,Suspect charged
cacaf5752dac98a2138541ba367c6961208a7de00a9233dfc8fc826a232ddb1d,2021-08,City of London Police,City of London Police,-0.084967,51.512598,On or near BELL INN YARD,E01032739,City of London 001F,Suspect charged
cacaf5752dac98a2138541ba367c6961208a7de00a9233dfc8fc826a232ddb1d,2021-08,City of London Police,City of London Police,-0.084967,51.512598,On or near BELL INN YARD,E01032739,City of London 001F,Suspect charged
471689fd132b450a6f32d59c41e39d1fccb4123b10bd78a68b7cf41a3e7d8e0c,2021-08,City of London Police,City of London Police,-0.076095,51.512462,On or near VINE STREET,E01000005,City of London 001E,Suspect charged
7a88c860987f74d4b25380ca8030ba395333f465b4a48a8d3194c2a71aa0e0f0,2021-08,City of London Police,City of London Police,-0.083972,51.510549,On or near LOVAT LANE,E01032739,City of London 001F,Suspect charged
adf1c8344381961e2f053c6b9aa9952f991babb99c08362384589a7a5737ec3e,2021-08,City of London Police,City of London Police,-0.084967,51.512598,On or near BELL INN YARD,E01032739,City of London 001F,Suspect charged
98e6de3456437542700a2b239e17246c1e22ada58fd094592d2523364c05ce41,2021-08,City of London Police,City of London Police,-0.083972,51.510549,On or near LOVAT LANE,E01032739,City of London 001F,Suspect charged
ab2e3dcb9e3beb12914dc7b22171d7a2e582ef04958f62e4ba45c0962bc40f9c,2021-08,City of London Police,City of London Police,-0.085149,51.517196,On or near BLOMFIELD STREET,E01032739,City of London 001F,Suspect charged
2f99f67d670169183007135b48c74b0ee8b17958fafeadd1c0cf97ded8afdab6,2021-08,City of London Police,City of London Police,,,No location,,,Suspect charged
2998b412bbd65f813a8b6dd220457abea7a1e7b96acfe76cf90b84354c5f62f6,2021-08,City of London Police,City of London Police,-0.080376,51.517244,On or near Supermarket,E01032739,City of London 001F,Suspect charged
854aca303a269361d7106fbc7888bee7079ab4922a370e464e59e63435196d02,2021-08,City of London Police,City of London Police,-0.081620,51.516814,On or near ALDERMAN'S WALK,E01032739,City of London 001F,Suspect charged
00a220fbe1c8b36f5f131faeb1cc5363809a1ea5b3287b81dad1c96bbef688d0,2021-08,City of London Police,City of London Police,,,No location,,,Suspect charged
d7220288a0e08367ec823aa08a6bfdaee279172570965a631a0ddc961e7a9d7d,2021-08,City of London Police,City of London Police,-0.080665,51.509344,On or near Pedestrian Subway,E01032739,City of London 001F,Suspect charged
469cd7bc9b764e8e12fc52b076e17af90b4f67e3834f022b54c7c44ec9ebc025,2021-08,City of London Police,City of London Police,-0.084967,51.512598,On or near BELL INN YARD,E01032739,City of London 001F,Suspect charged
2eb9c71de080a86730b254659f4db4b7036c28d295ffe781a6c01d8a4b710b99,2021-08,City of London Police,City of London Police,-0.093257,51.513920,On or near BOW LANE,E01032739,City of London 001F,Suspect charged
b167db25511d1112ea73d9552e0d7991d592c90ff3de959b246f6a0244182f25,2021-08,City of London Police,City of London Police,-0.083993,51.511440,On or near PHILPOT LANE,E01032739,City of London 001F,Suspect charged
ed80b3c8aec1e6f5793311f9b13446cd6b3a30419bc7dac4ab313b8c0ef42d9a,2021-08,City of London Police,City of London Police,-0.084967,51.512598,On or near BELL INN YARD,E01032739,City of London 001F,Suspect charged
b2f3520b559c17561ad551cc41e5c401888a30a59aa6ef63797187ca96a8e6d2,2021-08,City of London Police,City of London Police,-0.074901,51.506255,On or near A100,E01004293,Tower Hamlets 027B,Offender given a drugs possession warning
26ab7889c1d7a17a7b8f86a8c1e02642eabfe782a3d95a18173e0b36a50502db,2021-08,City of London Police,City of London Police,-0.094720,51.514420,On or near WOOD STREET,E01032739,City of London 001F,Offender given a caution
04570c1f7a2ab3ed0e8e011af46937bae129eda5174de593ec2fea0858a99fe5,2021-08,City of London Police,City of London Police,-0.094720,51.514420,On or near WOOD STREET,E01032739,City of London 001F,Offender given a caution
86aba667aebc7319c200d090dfde542754a805c568a5fe5f2afd2e6e18066bf7,2021-08,City of London Police,City of London Police,-0.094628,51.514203,On or near CHEAPSIDE,E01032739,City of London 001F,Suspect charged
86aba667aebc7319c200d090dfde542754a805c568a5fe5f2afd2e6e18066bf7,2021-08,City of London Police,City of London Police,-0.094628,51.514203,On or near CHEAPSIDE,E01032739,City of London 001F,Suspect charged
2dd6aafab621f0206f02faafcf7e93d17f36657e76950e12519619cba77824a7,2021-08,City of London Police,City of London Police,-0.082913,51.513463,On or near LEADENHALL STREET,E01032739,City of London 001F,Suspect charged
cefa3aa6ca7ba9e59b9b987ec648c8b0857cd6f2ff64b2b20fea04f7875fec53,2021-08,City of London Police,City of London Police,-0.079786,51.517576,On or near Police Station,E01032739,City of London 001F,Suspect charged
bcd9bbedbba212c999a64280a9eec40345b366008d864a67a81da3c54d575145,2021-08,City of London Police,City of London Police,-0.080376,51.517244,On or near Supermarket,E01032739,City of London 001F,Suspect charged
c1477fc26f948f3035f111b09276c4d612e1b9f4d690e7c2d796e561083f9df4,2021-08,City of London Police,City of London Police,-0.080376,51.517244,On or near Supermarket,E01032739,City of London 001F,Suspect charged
092c9d4fe530aa206f9de267886393a973ba91b912eeb5047683c27b367aaaca,2021-08,City of London Police,City of London Police,-0.080376,51.517244,On or near Supermarket,E01032739,City of London 001F,Suspect charged
21954f69b3bcdfc3d7a0ba9c97226d8c84a2aec9849e8aaf9d986d1f4f0aae37,2021-08,City of London Police,City of London Police,-0.083618,51.517288,On or near BROAD STREET AVENUE,E01032739,City of London 001F,Offender given a caution
4069e2f41e53fcfc710bb747e3c7b4966f807e0186d86b5be9b78eda27c015e7,2021-08,City of London Police,City of London Police,-0.079786,51.517576,On or near Police Station,E01032739,City of London 001F,Suspect charged
b749ffe41e6a3a21c4cc488954a044766a725a5c2c1ddeb859d9d95160413608,2021-08,City of London Police,City of London Police,-0.080376,51.517244,On or near Supermarket,E01032739,City of London 001F,Suspect charged
647802c93902f1efa44c8c1d7458596ab8a166c1123642f524daaca1a231126d,2021-08,City of London Police,City of London Police,-0.094206,51.511210,On or near LITTLE TRINITY LANE,E01032739,City of London 001F,Suspect charged
24ef9ef91a38b40e2c76ace9d5244b4bc4b68c24839dd5f8836e87cc6544ec99,2021-08,City of London Police,City of London Police,-0.078308,51.518091,On or near WIDEGATE STREET,E01032739,City of London 001F,Suspect charged
c316604fbbc22dbe82e124ee5b684417a45489fcd0de289adf11002b443b856c,2021-08,City of London Police,City of London Police,-0.075841,51.523977,On or near EBOR STREET,E01033708,Hackney 027G,Suspect charged
62135c8881602a1d93d1822bf2a4a877f4c094a7c45aa528a75403db61b96a89,2021-08,City of London Police,City of London Police,-0.104494,51.509848,On or near A201,E01032739,City of London 001F,Suspect charged
cae4e75a091d3e3272ca6280c4dd5da3dca013661a54e1566f167713b2c6f624,2021-08,City of London Police,City of London Police,-0.076095,51.512462,On or near VINE STREET,E01000005,City of London 001E,Offender given a caution
ec40e7c38a3cda8013c4940f2d802dd3ef18e601d67bbb3193f6aff4d3ac7430,2021-08,City of London Police,City of London Police,,,No location,,,Suspect charged
bf5888fe4edeba084986a23ee6a27fbff06f600853736f2b540be41c755fee2d,2021-08,City of London Police,City of London Police,-0.102930,51.518375,On or near WEST SMITHFIELD,E01032740,City of London 001G,Suspect charged
